{"cameraMode":{"drawMode":0,"name":"Shaded","section":"Shading Mode"},"sceneLighting":true,"audioPlay":false,"sceneViewState":{"showFog":true,"showMaterialUpdate":false,"showSkybox":true,"showFlares":true,"showImageEffects":true,"showParticleSystems":true},"in2DMode":false,"pivot":{"x":7.243283271789551,"y":0.43464595079421999,"z":0.9246699213981628},"rotation":{"x":0.18427309393882752,"y":-0.42314115166664126,"z":0.08833280950784683,"w":0.8827223777770996},"size":8.785805702209473,"orthographic":false}