{"cameraMode":{"drawMode":0,"name":"Shaded","section":"Shading Mode"},"sceneLighting":true,"audioPlay":false,"sceneViewState":{"showFog":true,"showMaterialUpdate":false,"showSkybox":true,"showFlares":true,"showImageEffects":true,"showParticleSystems":true},"in2DMode":false,"pivot":{"x":28.571758270263673,"y":-3.043785572052002,"z":-1.2020257711410523},"rotation":{"x":-0.2077258974313736,"y":-0.6471519470214844,"z":0.1895471066236496,"w":-0.7088088989257813},"size":19.946470260620118,"orthographic":false}